timestamp,open,high,low,close,volume
2022-11-16,96.8500,98.4879,95.5400,97.1200,87958828
2022-11-15,103.2100,103.7900,97.3400,98.9400,111336317
2022-11-14,98.7700,100.1199,97.2900,98.4900,99533072
2022-11-11,97.8800,101.1900,96.6600,100.7900,111590544
2022-11-10,92.9350,98.6900,91.6500,96.6300,173414862
2022-11-09,89.4700,89.4800,85.8700,86.1400,90796249
2022-11-08,90.7900,91.7200,88.2300,89.9800,88703370
2022-11-07,91.9500,92.1000,89.0400,90.5300,77495728
2022-11-04,91.4900,92.4400,88.0400,90.9800,129101336
2022-11-11,97.8800,101.1900,96.6600,100.7900,111590544
10-11-2022,92.935,98.69,91.65,96.63,173414862
09-11-2022,89.47,89.48,85.87,86.14,90796249
08-11-2022,90.79,91.72,88.23,89.98,88703370
07-11-2022,91.95,92.1,89.04,90.53,77495728
04-11-2022,91.49,92.44,88.04,90.98,129101336
03-11-2022,92.47,93.5,89.02,89.3,136683303
02-11-2022,97.315,97.74,92.01,92.12,135761798
01-11-2022,103.99,104.58,96.06,96.79,153370032
31-10-2022,103.56,104.87,100.74,102.44,99251395
28-10-2022,97.905,103.96,97.66,103.41,223133398
27-10-2022,113.92,114.12,109.77,110.96,129605362
26-10-2022,116,119.3457,114.76,115.66,69002457
25-10-2022,119.65,121.3152,118.95,120.6,50934609
24-10-2022,119.98,120.39,116.57,119.82,49531523
21-10-2022,114.792,119.59,114.5,119.32,55660485
20-10-2022,113.83,118.24,113.51,115.25,48795104
19-10-2022,114.71,116.5932,113.22,115.07,47198122
18-10-2022,119.06,119.52,114.79,116.36,65607448
17-10-2022,110.11,114.19,110.09,113.79,62781985
14-10-2022,114.1,114.96,106.6,106.9,67737344
13-10-2022,107.88,113.44,105.345,112.53,86868103
12-10-2022,112.49,113.83,111.4,112.9,45728660
11-10-2022,112.71,115.48,110.39,112.21,56432233
10-10-2022,115.1,116.25,112.43,113.67,42339675
07-10-2022,118,118.17,113.88,114.56,54677980
06-10-2022,120.77,121.53,119.5,120.3,42253755
05-10-2022,118.58,121.75,117.69,120.95,48217535
04-10-2022,119.89,123,119.79,121.09,62812564
03-10-2022,113.58,116.91,112.45,115.88,50941854
30-09-2022,114.075,116.92,112.84,113,59479586
29-09-2022,115.6,116.07,113.06,114.8,58969714
28-09-2022,114.38,118.7,113.8,118.01,55763750
27-09-2022,117.195,118.32,113.05,114.41,60094693
26-09-2022,113.295,117.34,113.13,115.15,62723268
23-09-2022,116,116.05,112.06,113.78,65126665
22-09-2022,117.08,118.79,116.26,117.31,54959006
21-09-2022,122.49,123.76,118.45,118.54,58498887
20-09-2022,123.35,124.3963,121.14,122.19,47698432
19-09-2022,122.16,124.71,121.8,124.66,47279727
16-09-2022,122.78,123.87,120.7,123.53,115667804
15-09-2022,127.38,130.37,125.495,126.28,52887196
14-09-2022,127.364,128.84,126.33,128.55,45316772
13-09-2022,131.01,131.4,126.27,126.82,72694010
12-09-2022,134.095,136.49,134,136.45,53826859
09-09-2022,130.91,133.69,130.76,133.27,49422259
08-09-2022,127.72,130.28,127.1,129.82,43988509
07-09-2022,126.12,129.82,125.4,129.48,47834487
06-09-2022,127.92,128.62,124.74,126.11,43689994
02-09-2022,129.5,131.38,126.39,127.51,57429829
01-09-2022,126,128.02,123.66,127.82,56636145
31-08-2022,129.45,130.59,126.74,126.77,53648702
30-08-2022,131.25,132.0745,126.85,128.73,49202990
29-08-2022,129.9,131.9499,128.77,129.79,47967685
26-08-2022,136.55,137.83,130.5,130.75,53322663
25-08-2022,135.26,137.42,134.28,137.28,37496283
24-08-2022,132.75,135.47,132.1,133.8,38626978
23-08-2022,133.41,134.99,132.95,133.62,36252103
22-08-2022,135.72,136.32,132.85,133.22,50461504
19-08-2022,140.47,141.11,137.9142,138.23,47792843
18-08-2022,141.32,142.77,140.38,142.3,37458737
17-08-2022,142.69,143.38,140.78,142.1,48149778
16-08-2022,143.905,146.57,142,144.78,59102859
15-08-2022,142.8,143.76,141.49,143.18,39014583
12-08-2022,142.05,143.57,140.1201,143.55,47643484
11-08-2022,143.86,144.49,139.76,140.64,44867336
10-08-2022,142.9,144.6,141.01,142.69,54773819
09-08-2022,138.052,138.9523,136.21,137.83,40434715
08-08-2022,142.05,144.23,138.29,139.41,52303475
05-08-2022,140.1,142.86,139.6,140.8,50686865
04-08-2022,140.58,143.56,139.55,142.57,70585020
03-08-2022,136.21,140.49,136.05,139.52,71827780
02-08-2022,134.72,137.44,134.09,134.16,61922429
01-08-2022,134.96,138.8339,133.51,135.39,76846908
29-07-2022,134.9,137.65,132.41,134.95,148892889
28-07-2022,121.57,122.84,118.08,122.28,82245543
27-07-2022,117.31,121.9,117.16,120.97,61582015
26-07-2022,115.79,118.15,114.53,114.81,67075064
25-07-2022,122.695,123.64,120.03,121.14,50221259
22-07-2022,125.01,125.5,121.3504,122.42,51463797
21-07-2022,123.2,124.85,121.26,124.63,60239892
20-07-2022,118.615,123.475,118.32,122.77,71268322
19-07-2022,115.7,118.95,114.03,118.21,60990043
18-07-2022,115,117.24,113.15,113.76,59115419
15-07-2022,112.5,115.59,111.59,113.55,84317816
14-07-2022,110.24,111.18,107.58,110.63,51163140
13-07-2022,107.03,111.78,106.01,110.4,61353812
12-07-2022,112.16,113.23,108.34,109.22,54280257
11-07-2022,114.08,114.3,110.87,111.75,53540019
08-07-2022,114.6,116.58,113.69,115.54,45719694
07-07-2022,113.85,116.99,113.49,116.33,57872323
06-07-2022,113.21,115.48,112.01,114.33,66958884
05-07-2022,107.6,114.08,106.3242,113.5,76684414
01-07-2022,106.29,109.75,105.8469,109.56,73021171
30-06-2022,108.11,108.18,102.52,106.21,97679401
29-06-2022,107.38,110.99,106.91,108.92,66375341
28-06-2022,113.5,114.85,107.04,107.4,75172028
27-06-2022,117.09,117.98,112.7,113.22,62133240
24-06-2022,112.38,116.71,111.43,116.46,69867618
23-06-2022,110.39,113,107.93,112.44,64345300
22-06-2022,107.43,112.13,107.02,108.95,60040131
21-06-2022,108.2,111.6299,103.56,108.68,70901245
17-06-2022,102.8,106.98,102.51,106.22,99772147
16-06-2022,104.47,104.58,102.01,103.66,82186301
15-06-2022,103.86,109.06,103.53,107.67,85011060
14-06-2022,104.19,104.88,101.43,102.31,69728761
13-06-2022,104.19,106.54,101.86,103.67,99277742
10-06-2022,113.415,114.5,109.05,109.65,87412245
09-06-2022,119.99,121.3,116.1,116.15,67029842
08-06-2022,122.61,123.75,120.75,121.18,64926594
07-06-2022,122.005,124.1,120.63,123,85156712
06-06-2022,125.245,128.99,123.81,124.79,134271125
03-06-2022,2484,2488,2420.929,2447,4880166
02-06-2022,2433.68,2512.2,2400.9,2510.22,5028034
01-06-2022,2445.12,2503.58,2412.445,2433.68,6376449
31-05-2022,2325.6,2439.8899,2313.5,2404.19,7231708
27-05-2022,2271,2303.74,2252.56,2302.93,4683008
26-05-2022,2159.4,2253.3099,2149.07,2221.55,4650130
25-05-2022,2073.11,2163.4999,2073,2135.5,4656005
24-05-2022,2080.5,2108,2025.2,2082,5146734
23-05-2022,2169.22,2176.375,2079,2151.14,5389868
20-05-2022,2191.37,2197.9599,2100.1868,2151.82,4975032
19-05-2022,2125.61,2200.68,2123.8581,2146.38,4407127
18-05-2022,2228.79,2257.06,2124.975,2142.25,5418959
17-05-2022,2265.5,2316,2225.53,2307.37,3822387
16-05-2022,2262,2279.85,2207.0827,2216.21,3728287
13-05-2022,2181.38,2263.68,2156,2261.1,4684228
12-05-2022,2055,2215.615,2048.11,2138.61,6601257
11-05-2022,2162.07,2203.12,2088.57,2107.44,5485182
10-05-2022,2225,2252.85,2143.42,2177.18,5271691
09-05-2022,2226.25,2280,2159.14,2175.78,6406219
06-05-2022,2297,2381.01,2261.625,2295.45,6212995
05-05-2022,2460,2469.98,2301.45,2328.14,7219561
04-05-2022,2472,2520,2383.66,2518.57,5508760
03-05-2022,2481.07,2524.41,2456.5,2485.07,3956668
02-05-2022,2448.02,2493.365,2367.5,2490,7439449
29-04-2022,2596.98,2615.22,2432.5,2485.63,13633086
28-04-2022,2843.56,2918.75,2806,2891.93,5865847
27-04-2022,2803.83,2838.97,2715.67,2763.34,3566815
26-04-2022,2896,2897.115,2778.59,2787.82,3781514
25-04-2022,2880.46,2924.43,2846.1309,2921.48,3093749
22-04-2022,2965,2992.3,2873.9501,2887,3653929
21-04-2022,3094.28,3134.76,2951.79,2965.92,3198466
20-04-2022,3152.05,3152.05,3072.07,3079.96,2958600
19-04-2022,3040.59,3172.98,3031.01,3162.31,2746321
18-04-2022,3030.47,3080.79,3005.01,3055.7,2325676
14-04-2022,3107.8,3117.94,3029.435,3034.13,2579907
13-04-2022,3000.37,3120.5,2992,3110.82,2669544
12-04-2022,3073.85,3101.98,3007.66,3015.75,2758872
11-04-2022,3054.26,3082.7299,3010.69,3022.44,2605617
08-04-2022,3135,3147.37,3084.615,3089.21,2300083
07-04-2022,3168,3201.58,3090.23,3155.69,3406839
06-04-2022,3233.01,3244,3145.09,3175.12,3952788
05-04-2022,3354.83,3362.21,3265.3201,3281.1,2619553
04-04-2022,3282.5,3367.89,3264.11,3366.93,2500398
01-04-2022,3282.99,3316.54,3246.39,3271.2,2854475
31-03-2022,3328.895,3329.9,3259.07,3259.95,2998289
30-03-2022,3370.19,3379.01,3310,3326.02,2808363
29-03-2022,3407.68,3416.63,3357.37,3386.3,3307680
28-03-2022,3299.5,3380.75,3298,3379.81,2992691
25-03-2022,3280,3307.37,3245,3295.47,2355611
24-03-2022,3274.99,3282.37,3201,3272.99,2839903
23-03-2022,3274.1,3327.4,3253.74,3268.16,2790593
22-03-2022,3236.11,3323.34,3233.98,3297.78,3147275
21-03-2022,3222.415,3261.68,3191.06,3229.83,3283142
18-03-2022,3136.26,3231.88,3120.22,3225.01,5063616
17-03-2022,3052.81,3149.97,3042.8,3144.78,3646742
16-03-2022,2970,3063,2947.07,3062.08,4247884
15-03-2022,2857,2959.7,2840,2947.33,3779230
14-03-2022,2919.62,2949,2817.68,2837.06,3704305
11-03-2022,2991.49,2993.5,2907.38,2910.49,3445028
10-03-2022,2913.7,2973.485,2879.56,2936.35,6753145
09-03-2022,2790,2805,2736.56,2785.58,4132833
08-03-2022,2733.67,2813.99,2671.45,2720.29,4583129
07-03-2022,2908.87,2921.89,2748.33,2749.06,4346693
04-03-2022,2943.18,2957,2876.14,2912.82,3049156
03-03-2022,3070.63,3078.58,2937.12,2957.97,3259860
02-03-2022,3016.98,3059.99,2975,3041.05,2366736
01-03-2022,3054.65,3081.98,2999.54,3022.84,2243679
28-02-2022,3048.5,3089,3017,3071.26,2884171
25-02-2022,3011,3079.8,2984.27,3075.77,3119768
24-02-2022,2796.75,3034.98,2790,3027.16,5039288
23-02-2022,3033.01,3035.26,2893.02,2896.54,3212178
22-02-2022,3009.57,3059.65,2969.71,3003.95,3246383
18-02-2022,3109.99,3109.99,3017.86,3052.03,3180205
17-02-2022,3162.92,3206.975,3090,3093.05,3201625
16-02-2022,3115.81,3176.68,3094.69,3162.01,2635214
15-02-2022,3152.11,3160.14,3092.75,3130.21,2848533
14-02-2022,3035.02,3168.9663,3033,3103.34,4161535
11-02-2022,3162.6902,3180,3054.675,3065.87,3855022
10-02-2022,3167,3214.33,3155,3180.07,3413406
09-02-2022,3257.47,3276.69,3205,3223.79,3439280
08-02-2022,3135.01,3235.85,3111.01,3228.27,3802018
07-02-2022,3170.4,3253.815,3145,3158.71,5131219
04-02-2022,3112.13,3224,3012.16,3152.79,12672793
03-02-2022,2834.75,2884.95,2766.66,2776.91,11276568
02-02-2022,3101.0085,3101.5,2977.2717,3012.25,4366488
01-02-2022,3000,3034.16,2952.5548,3023.87,2960992
31-01-2022,2895,3007.21,2886.0101,2991.47,3915372
28-01-2022,2817.21,2879.96,2758.585,2879.56,3719599
27-01-2022,2816,2884.87,2787,2792.75,3875790
26-01-2022,2895,2903.695,2746.37,2777.45,4780085
25-01-2022,2844.85,2872,2762.9,2799.72,4541233
24-01-2022,2780,2898.9,2707.04,2890.88,7802237
21-01-2022,2999,3018,2841.408,2852.86,8198572
20-01-2022,3135.32,3160,3027.02,3033.35,3598666
19-01-2022,3175.24,3185,3125,3125.98,2620856
18-01-2022,3182.1,3194.6899,3153.29,3178.35,3306866
14-01-2022,3203,3245,3196.01,3242.76,2298743
13-01-2022,3305.01,3324.4299,3221.82,3224.28,2609415
12-01-2022,3331.5,3337.56,3288.34,3304.14,2501456
11-01-2022,3230,3327,3214.03,3307.24,3115005
10-01-2022,3211.71,3233.23,3126.09,3229.72,4389915
07-01-2022,3276.78,3304.865,3240.62,3251.08,2330295
06-01-2022,3269.01,3296,3238.7442,3265.08,2597889
05-01-2022,3337.66,3342.525,3287.14,3287.14,3215136
04-01-2022,3408.76,3428,3326.99,3350.44,3536258
03-01-2022,3351,3414.07,3323.21,3408.09,3193457
31-12-2021,3379.12,3387,3331.17,3334.34,2381786
30-12-2021,3394,3417.76,3370.48,3372.89,1879155
29-12-2021,3416.8,3424.24,3372.0101,3384.02,1787702
28-12-2021,3403.65,3443.5176,3382.71,3413.22,2735593
27-12-2021,3420.74,3458.86,3384.31,3393.39,2942341
23-12-2021,3408.56,3439.5,3403,3421.37,1839412
22-12-2021,3385.395,3441,3370.01,3420.74,2751773
21-12-2021,3357.01,3414.3299,3312.95,3408.34,2797791
20-12-2021,3337,3357.4851,3312,3341.58,2868633
17-12-2021,3354.21,3417.97,3312.271,3400.35,4287758
16-12-2021,3467.3714,3483.32,3363.205,3377.42,3043842
15-12-2021,3371.96,3472,3303.9,3466.3,3789713
14-12-2021,3351,3389.98,3328.8,3381.83,2798764
13-12-2021,3440,3442,3382.6,3391.35,3108450
10-12-2021,3508.34,3518.54,3410,3444.24,3034488
09-12-2021,3515,3539.39,3482.79,3483.42,2303091
08-12-2021,3523.01,3543.6,3495.01,3523.16,2262683
07-12-2021,3492,3549.99,3466.69,3523.29,3320536
06-12-2021,3393,3473.91,3338.69,3427.37,3443000
03-12-2021,3455,3469.865,3338.6,3389.79,4035550
02-12-2021,3460,3492.7,3423.75,3437.36,3236288
01-12-2021,3545,3559.88,3441.6,3443.72,3756995
30-11-2021,3563.5,3585.77,3492.01,3507.07,4001107
29-11-2021,3547.6443,3596,3531.5001,3561.57,3265557
26-11-2021,3602.095,3633.5,3504.15,3504.56,2991297
24-11-2021,3562.67,3613.64,3536.85,3580.41,2328018
23-11-2021,3585.04,3621.05,3527.71,3580.04,3692246
22-11-2021,3676.3768,3713.455,3567.5,3572.57,4847850
19-11-2021,3712.69,3762.145,3675.72,3676.57,4946203
18-11-2021,3566.35,3704.2,3561,3696.06,5703538
17-11-2021,3564.72,3587.245,3545.35,3549,2560270
16-11-2021,3539,3576.5,3525.1466,3540.7,2217071
15-11-2021,3537,3593.88,3525.81,3545.68,2929719
12-11-2021,3485,3540.7262,3447.05,3525.15,2636157
11-11-2021,3513,3543.24,3467.47,3472.5,2264406
10-11-2021,3563.87,3605.45,3463.09,3482.05,4027422
09-11-2021,3515.25,3593.77,3501.425,3576.23,4257658
08-11-2021,3523.24,3579,3487.86,3488.98,3073992
05-11-2021,3477,3566.25,3476.98,3518.99,4996951
04-11-2021,3370,3498.625,3365.0001,3477,5353020
03-11-2021,3309,3394.92,3297.52,3384,3397189
02-11-2021,3315.01,3331.115,3283.55,3312.75,2562277
01-11-2021,3361.8,3375.86,3292.02,3318.11,3582044
29-10-2021,3300.02,3374.82,3273.32,3372.43,6486077
28-10-2021,3402.095,3479,3386,3446.57,5708733
27-10-2021,3388,3437,3371.4534,3392.49,2702224
26-10-2021,3349.51,3416.12,3343.98,3376.07,2698342
25-10-2021,3335,3347.7997,3297.7,3320.37,2225956
22-10-2021,3421,3429.84,3331.3,3335.55,3139053
21-10-2021,3414.25,3440.28,3403,3435.01,1881385
20-10-2021,3452.66,3462.86,3400.37,3415.06,2139777
19-10-2021,3434.29,3454.69,3422,3444.15,2386079
18-10-2021,3388.3576,3449.17,3385.1,3446.74,3174115
15-10-2021,3311.42,3410.42,3304,3409.02,5179941
14-10-2021,3302.4541,3312.6,3290.78,3299.86,2112020
13-10-2021,3269.71,3288.38,3261.0889,3284.28,2425086
12-10-2021,3257,3267.528,3236.28,3247.33,1819571
11-10-2021,3275,3292.5899,3238.1,3246.3,2034203
08-10-2021,3317,3321.43,3288.2,3288.62,1998217
07-10-2021,3291.54,3325.746,3283.06,3302.43,2409075
06-10-2021,3213.53,3264.34,3198.62,3262.01,2532977
05-10-2021,3204.5,3260.73,3202.464,3221,3269208
04-10-2021,3279.39,3279.99,3176.25,3189.78,4523057
01-10-2021,3289.01,3309.1746,3255.94,3283.26,2835617
30-09-2021,3316,3327.85,3273.99,3285.04,2847033
29-09-2021,3322.11,3351.3,3297.87,3301.12,2562268
28-09-2021,3357.71,3369.19,3290.1001,3315.96,4430819
27-09-2021,3371.5,3415.57,3339.61,3405.8,3634450
24-09-2021,3402.01,3429.26,3393.4,3425.52,2116241
23-09-2021,3380.05,3428.96,3380.05,3416,2379414
22-09-2021,3351,3389,3341.05,3380.05,2411403
21-09-2021,3375,3379.7,3332.39,3343.63,2780878
20-09-2021,3396,3419,3305.01,3355.73,4669130
17-09-2021,3488.4146,3497.41,3452.13,3462.52,4616556
16-09-2021,3459.96,3492.55,3446.1432,3488.24,2583598
15-09-2021,3442.52,3485.42,3402.01,3475.79,2957537
14-09-2021,3475.55,3486.806,3437.7104,3450,1936897
13-09-2021,3482.8,3497.96,3438.0001,3457.17,2569022
10-09-2021,3501.8308,3508.45,3462.9055,3469.15,2397269
09-09-2021,3526.02,3549.99,3480.37,3484.16,2719241
08-09-2021,3511.65,3545.63,3495.67,3525.5,3053364
07-09-2021,3478,3528.09,3476.94,3509.29,2741184
03-09-2021,3452,3482.67,3436.44,3478.05,2578324
02-09-2021,3494.76,3511.9608,3455,3463.12,2925594
01-09-2021,3496.396,3527,3475.24,3479,3629911
31-08-2021,3424.8,3472.58,3395.59,3470.79,4356413
30-08-2021,3357.425,3445,3355.22,3421.57,3192244
27-08-2021,3333.23,3352.32,3313.75,3349.63,2402369
26-08-2021,3299,3332,3296,3316,2098761
25-08-2021,3309.87,3321,3286.15,3299.18,1680306
24-08-2021,3280,3315.4942,3274.58,3305.78,2551841
23-08-2021,3211.9,3280.9,3210.005,3265.87,3268131
20-08-2021,3203.8725,3207.81,3175.76,3199.95,3358428
19-08-2021,3194.02,3233,3182.4637,3187.75,3782862
18-08-2021,3241.99,3254.0975,3200,3201.22,2804311
17-08-2021,3277.5,3280.49,3225.68,3241.96,3387922
16-08-2021,3283,3300,3211.13,3298.99,3328494
13-08-2021,3305.67,3306.065,3283,3293.97,2034554
12-08-2021,3290,3314.51,3269.67,3303.5,2323823
11-08-2021,3331.4469,3337.7,3277.79,3292.11,2947249
10-08-2021,3345.01,3358,3315,3320.68,2412551
09-08-2021,3343.61,3354.88,3328.52,3341.87,2148220
06-08-2021,3375,3375,3329.0373,3344.94,2637644
05-08-2021,3356.22,3389,3340.92,3375.99,2433503
04-08-2021,3379.35,3388.88,3345.56,3354.72,2183945
03-08-2021,3340.72,3391,3299.77,3366.24,4157343
02-08-2021,3353.1,3358.92,3317,3331.48,3353915
30-07-2021,3347.95,3368.14,3306.98,3327.59,9965593
29-07-2021,3627.75,3637.95,3580.01,3599.92,4337611
28-07-2021,3633.78,3658.4204,3601,3630.32,2999378
27-07-2021,3698.5,3698.5,3586.15,3626.39,4131890
26-07-2021,3673.17,3712.08,3647.25,3699.82,2900068
23-07-2021,3640,3666.11,3622.04,3656.64,2436292
22-07-2021,3587.23,3640.02,3582.27,3638.03,3265352
21-07-2021,3576.375,3586.45,3543.6415,3585.2,2318989
20-07-2021,3567.32,3592,3518,3573.19,3255680
19-07-2021,3532.58,3550.21,3499.16,3549.59,3784595
16-07-2021,3633.31,3646.0599,3570.455,3573.63,4043706
15-07-2021,3694.2,3695.4,3620.92,3631.2,3185292
14-07-2021,3708.85,3717.66,3660.8266,3681.68,3296568
13-07-2021,3702.1,3773.0782,3671.32,3677.36,3845917
12-07-2021,3744,3757.2899,3696.7929,3718.55,2571635
09-07-2021,3722.52,3748,3693.3968,3719.34,3748237
08-07-2021,3643.56,3759.9855,3621.12,3731.41,5180623
07-07-2021,3717.3772,3734.2,3678.91,3696.58,5328062
06-07-2021,3530.11,3685.48,3529,3675.74,6744768
02-07-2021,3451.64,3511.72,3436.92,3510.98,3176697
01-07-2021,3434.61,3457,3409.4206,3432.97,2037053
30-06-2021,3441.06,3471.6019,3435,3440.16,2403992
29-06-2021,3438.82,3456.03,3423.03,3448.14,2098439
28-06-2021,3416,3448,3413.5098,3443.89,2242793
25-06-2021,3464,3464.82,3394.18,3401.46,3940997
24-06-2021,3507.64,3524.8599,3430.85,3449.08,3831999
23-06-2021,3505,3521,3483.2,3503.82,2813341
22-06-2021,3458.06,3523.78,3456.09,3505.44,3345082
21-06-2021,3476.42,3482,3434,3453.96,3277130
18-06-2021,3479.99,3507,3473.71,3486.9,5247737
17-06-2021,3403.18,3497.2,3401,3489.24,5136531
16-06-2021,3392,3426.35,3360.53,3415.25,4152189
15-06-2021,3384,3396.9866,3363.1101,3383.13,2426200
14-06-2021,3346.83,3385,3335.5,3383.87,2569655
11-06-2021,3349.65,3366.58,3333.45,3346.83,2817352
10-06-2021,3282.01,3351,3281.15,3349.65,3476480
09-06-2021,3272.87,3297.58,3270.7,3281.15,2455530
08-06-2021,3222.61,3279.5321,3218.01,3264.11,3416730
07-06-2021,3197.33,3208,3172.2,3198.01,2215756
04-06-2021,3212,3221,3198.81,3206.22,2249749
03-06-2021,3204.23,3214.435,3184.03,3187.01,2398293
02-06-2021,3223.1,3235,3208,3233.99,2014524
01-06-2021,3243.495,3250.98,3209.06,3218.65,2430045
28-05-2021,3242,3247.99,3219.7,3223.07,2331509
27-05-2021,3256,3260.355,3230.04,3230.11,2561157
26-05-2021,3274.5905,3295.73,3258.51,3265.16,2383986
25-05-2021,3266.67,3279.82,3213.76,3259.05,3261109
24-05-2021,3215.5,3257.95,3210.4993,3244.99,2422813
21-05-2021,3250,3256.6946,3197.01,3203.08,4104882
20-05-2021,3244.4042,3259.6799,3236.18,3247.68,2633192
19-05-2021,3195,3234.75,3184,3231.8,2679708
18-05-2021,3292.575,3312,3230.37,3232.28,2828391
17-05-2021,3245.93,3292.75,3234.59,3270.39,3723925
14-05-2021,3185.56,3228.86,3183,3222.9,3325022
13-05-2021,3185.47,3203.84,3133,3161.47,3356877
12-05-2021,3185,3207.94,3133.1,3151.94,4936410
11-05-2021,3136.28,3238,3127.37,3223.91,4619781
10-05-2021,3282.32,3283,3190,3190.49,5838603
07-05-2021,3319.09,3330.89,3289.0704,3291.61,4710276
06-05-2021,3270,3314.4,3247.2,3306.37,4447696
05-05-2021,3338.855,3354.695,3264.36,3270.54,3711308
04-05-2021,3356.19,3367.975,3272.13,3311.87,5439449
03-05-2021,3484.73,3486.645,3372.7012,3386.49,5875530
30-04-2021,3525.12,3554,3462.5,3467.42,7009346
29-04-2021,3505.0981,3514.445,3435,3471.31,7682381
28-04-2021,3434.8,3489.88,3425,3458.5,4631884
27-04-2021,3443.47,3460,3398.01,3417.43,3827140
26-04-2021,3348,3428.45,3330.94,3409,4880708
23-04-2021,3319.1,3375,3308.5,3340.88,3196652
22-04-2021,3371.68,3372.87,3301.45,3309.04,2580590
21-04-2021,3316,3362.86,3303.8061,3362.02,2211166
20-04-2021,3373.6,3382.99,3316,3334.69,2623032
19-04-2021,3390.33,3435.9333,3360.16,3372.01,2725405
16-04-2021,3380,3406.8,3355.59,3399.44,3186049
15-04-2021,3371,3396.9999,3352,3379.09,3233580
14-04-2021,3404.04,3404.13,3326,3333,3145204
13-04-2021,3400.845,3432,3395.63,3400,3315837
12-04-2021,3355.21,3395.04,3351.15,3379.39,3281798
09-04-2021,3304.7,3372.2,3288.9,3372.2,4341473
08-04-2021,3310.9,3324.5,3292,3299.3,2812090
07-04-2021,3233.8,3303.6125,3223.65,3279.39,3346227
06-04-2021,3223.75,3247.31,3217.04,3223.82,2537809
05-04-2021,3173,3235.955,3161.24,3226.73,3334882
01-04-2021,3117.94,3162.44,3115.55,3161,2940318
31-03-2021,3064.06,3119.33,3062.5,3094.08,3093896
30-03-2021,3070.01,3073,3034,3055.29,2337603
29-03-2021,3055.4394,3091.25,3028.445,3075.73,2745968
26-03-2021,3044.06,3056.66,2996,3052.03,3312924
25-03-2021,3072.99,3109.78,3037.14,3046.26,3563469
24-03-2021,3151.04,3160.31,3085.15,3087.07,2958981
23-03-2021,3127,3182,3120.8501,3137.5,3817263
22-03-2021,3067.85,3126.58,3060.05,3110.87,2902179
19-03-2021,3029.23,3077.285,3016.63,3074.96,4625354
18-03-2021,3101,3116.63,3025,3027.99,3657027
17-03-2021,3073.22,3173.05,3070.22,3135.73,3118584
16-03-2021,3104.97,3128.91,3075.8601,3091.86,2538764
15-03-2021,3074.57,3082.24,3032.09,3081.68,2918592
12-03-2021,3075,3098.98,3045.5,3089.49,2421888
11-03-2021,3104.01,3131.7843,3082.93,3113.59,2776391
10-03-2021,3098.45,3116.46,3030.05,3057.64,3012489
09-03-2021,3017.99,3090.96,3005.1474,3062.85,4030032
08-03-2021,3015,3064.59,2951.31,2951.95,4185008
05-03-2021,3005,3009,2881.0001,3000.46,5388551
04-03-2021,3012,3058.13,2945.43,2977.57,5481578
03-03-2021,3081.18,3107.775,2995,3005,3988725
02-03-2021,3143.47,3163.52,3087.1201,3094.53,2595762
01-03-2021,3127.89,3149.56,3097.99,3146.14,2733963
26-02-2021,3095.2,3122.44,3036.7,3092.93,4246135
25-02-2021,3136.74,3178.26,3047.76,3057.16,4399320
24-02-2021,3166.75,3171.23,3125.38,3159.53,3011275
23-02-2021,3127.03,3204.73,3093.6,3194.5,4677222
22-02-2021,3208.13,3232.3199,3172.26,3180.74,3461266
19-02-2021,3328.23,3333.5,3245.75,3249.9,4305184
18-02-2021,3282.42,3338,3273.94,3328.23,3033607
17-02-2021,3263.6,3320.91,3259.4996,3308.64,3261801
16-02-2021,3254.05,3308.3,3253.591,3268.95,2574721
12-02-2021,3250,3280.25,3233.31,3277.71,2335339
11-02-2021,3292,3292,3248.06,3262.13,2301417
10-02-2021,3314,3317.9548,3254,3286.58,3125174
09-02-2021,3312.49,3338,3297.84,3305,2179355
08-02-2021,3358.5,3364.9999,3304,3322.94,3257391
05-02-2021,3319,3377,3302.71,3352.15,3620808
04-02-2021,3330,3347,3277.75,3331,3670661
03-02-2021,3425.01,3434,3308.62,3312.53,7088781
02-02-2021,3380,3427.74,3361.125,3380,6183716
01-02-2021,3242.36,3350.26,3235.025,3342.88,4160212
29-01-2021,3230,3236.99,3184.55,3206.2,4293556
28-01-2021,3235.04,3301.68,3228.69,3237.62,3149228
27-01-2021,3341.49,3346.52,3207.08,3232.58,4660158
26-01-2021,3296.3559,3338,3282.87,3326.13,2955235
25-01-2021,3328.5,3363.89,3243.1463,3294,3749758
22-01-2021,3304.31,3321.91,3283.1644,3292.23,2821914
21-01-2021,3293,3348.55,3289.5675,3306.99,4945051
20-01-2021,3181.99,3279.8,3175,3263.38,5309835
19-01-2021,3107,3145,3096,3120.76,3305142
15-01-2021,3123.02,3142.545,3095.17,3104.25,4243995
14-01-2021,3167.52,3177.9999,3120.59,3127.47,3070919
13-01-2021,3128.44,3189.95,3122.08,3165.89,3321244
12-01-2021,3120,3142.1418,3086,3120.83,3418549
11-01-2021,3148.01,3156.3841,3110,3114.21,3669095
08-01-2021,3180,3190.64,3142.2,3182.7,3537744
07-01-2021,3157,3208.542,3155,3162.16,3514545
06-01-2021,3146.48,3197.509,3131.16,3138.38,4394815
05-01-2021,3166.01,3223.38,3165.06,3218.51,2655548
04-01-2021,3270,3272,3144.02,3186.63,4411449
31-12-2020,3275,3282.9219,3241.2,3256.93,2957206
30-12-2020,3341,3342.1,3282.47,3285.85,3209310
29-12-2020,3309.94,3350.65,3281.223,3322,4872933
28-12-2020,3194,3304,3172.69,3283.96,5620728
24-12-2020,3193.9,3202,3169,3172.69,1451917
23-12-2020,3205,3210.13,3184.17,3185.27,2093787
22-12-2020,3202.8434,3222,3180.08,3206.52,2381781
21-12-2020,3200.01,3226.9666,3166,3206.18,3836846
18-12-2020,3243.99,3249.42,3171.6,3201.65,5995713
17-12-2020,3250,3263.51,3221,3236.08,3474347
16-12-2020,3176.01,3247,3163.68,3240.96,4427616
15-12-2020,3181.01,3188.4999,3130.49,3165.12,3323686
14-12-2020,3143,3190.47,3126,3156.97,4155794
11-12-2020,3096.66,3118.67,3072.82,3116.42,3064695
10-12-2020,3088.99,3142.1,3076,3101.49,3030186
09-12-2020,3167.89,3174.43,3088,3104.2,4100836
08-12-2020,3158.9,3184.13,3120.02,3177.29,3286303
07-12-2020,3156.48,3180.76,3141.69,3158,2751316
04-12-2020,3198.21,3198.21,3158.76,3162.58,2913611
03-12-2020,3205.46,3228.64,3181.31,3186.73,2892039
02-12-2020,3221.65,3232,3173.2601,3203.53,3129304
01-12-2020,3188.5,3248.95,3157.18,3220.08,4493554
30-11-2020,3208.48,3228.39,3125.55,3168.04,4063916
27-11-2020,3211.26,3216.19,3190.05,3195.34,2392867
25-11-2020,3141.87,3198,3140.26,3185.07,3790403
24-11-2020,3100.5,3134.25,3086.258,3118.06,3570889
23-11-2020,3116.6986,3139.745,3065.46,3098.39,4708887
20-11-2020,3117.02,3132.89,3098.0456,3099.4,3380138
19-11-2020,3105.31,3125,3080.92,3117.02,3010270
18-11-2020,3134,3140,3105.1,3105.46,2916836
17-11-2020,3183.5445,3189.25,3135.26,3135.66,3444735
16-11-2020,3093.2,3142.7,3072.685,3131.06,3808676
13-11-2020,3122,3141.7227,3085.39,3128.81,3762587
12-11-2020,3159.95,3175.88,3086.05,3110.28,4371208
11-11-2020,3061.78,3139.145,3050,3137.39,4366923
10-11-2020,3095.02,3114,3019.4828,3035.02,6590956
09-11-2020,3231.03,3289,3112.1057,3143.74,7190406
06-11-2020,3304.64,3322,3232,3311.37,4647330
05-11-2020,3319.97,3366.8,3288.88,3322,5789285
04-11-2020,3159.99,3244.85,3139.73,3241.16,6839041
03-11-2020,3018.53,3074.9,2980.98,3048.41,4897880
02-11-2020,3061.74,3079.705,2950.12,3004.48,7257350
30-10-2020,3157.75,3167.004,3019,3036.15,8396081
29-10-2020,3201.27,3257.25,3164,3211.01,6596529
28-10-2020,3249.3,3264.02,3162.47,3162.78,5588330
27-10-2020,3224.94,3291.66,3211.3,3286.33,4291047
26-10-2020,3198.74,3282.9799,3153.3,3207.04,5901151
23-10-2020,3191,3205.33,3140,3204.4,3466687
22-10-2020,3189.87,3198.75,3121.94,3176.4,4212005
21-10-2020,3212.5,3233.875,3160,3184.94,4592736
20-10-2020,3222.28,3266,3192.01,3217.01,4509678
19-10-2020,3299.61,3329,3192.735,3207.21,5223626
16-10-2020,3363.23,3399.6606,3160,3272.71,6474353
15-10-2020,3292.01,3355.88,3280,3338.65,5223448
14-10-2020,3447,3464.88,3340,3363.71,5828916
13-10-2020,3467.99,3492.38,3424.217,3443.63,5744697
12-10-2020,3349.94,3496.24,3339.55,3442.93,8364198
09-10-2020,3210,3288.99,3197.83,3286.65,4907871
08-10-2020,3224.99,3233.2944,3174.99,3190.55,3174114
07-10-2020,3135,3200,3132.385,3195.69,4309439
06-10-2020,3165,3182,3090,3099.96,5086857
05-10-2020,3145.84,3202.53,3140.85,3199.2,3775332
02-10-2020,3153.63,3195.7965,3123,3125,5613098
01-10-2020,3208,3224,3172,3221.26,4971922
30-09-2020,3141.14,3212.88,3133.99,3148.73,4896101
29-09-2020,3175.39,3188.26,3132.54,3144.88,3503398
28-09-2020,3148.85,3175.04,3117.1684,3174.05,4224165
25-09-2020,3054.86,3101.54,2999,3095.13,4615202
24-09-2020,2977.79,3069.3,2965,3019.79,5529392
23-09-2020,3120.43,3126.999,2992.3759,2999.86,5652665
22-09-2020,3033.835,3133.99,3000.2,3128.99,6948816
21-09-2020,2906.5,2962,2871,2960.47,6117925
18-09-2020,3031.74,3037.8,2905.54,2954.91,8892580
17-09-2020,3009.25,3029.432,2972.55,3008.73,6449050
16-09-2020,3179.99,3187.238,3074.15,3078.1,4531189
15-09-2020,3136.16,3175.02,3108.92,3156.13,4021535
14-09-2020,3172.9372,3187.39,3096,3102.97,4529596
11-09-2020,3208.69,3217.3409,3083.98,3116.22,5093982
10-09-2020,3307.2188,3349.89,3170.55,3175.11,5330741
09-09-2020,3202.99,3303.175,3185,3268.61,5188675
08-09-2020,3144,3250.845,3130,3149.84,6094205
04-09-2020,3318,3381.5,3111.13,3294.62,8781754
03-09-2020,3485,3488.41,3303,3368,8161113
02-09-2020,3547,3552.25,3486.685,3531.45,3931476
01-09-2020,3489.58,3513.87,3467,3499.12,3476407
31-08-2020,3408.99,3495,3405,3450.96,4185885
28-08-2020,3423,3433.3699,3386.5,3401.8,2896978
27-08-2020,3450.05,3453,3378,3400,4264795
26-08-2020,3351.11,3451.7387,3344.5675,3441.85,6508743
25-08-2020,3294.99,3357.4,3267,3346.49,3992842
24-08-2020,3310.15,3380.315,3257.5608,3307.46,4666258
21-08-2020,3295,3314.3962,3275.39,3284.72,3575862
20-08-2020,3252,3312.62,3238,3297.37,3332478
19-08-2020,3303.01,3315.9,3256.0001,3260.48,4185137
18-08-2020,3212,3320,3205.8187,3312.49,5345974
17-08-2020,3173.12,3194.97,3154.1775,3182.41,2675890
14-08-2020,3178.18,3178.2357,3120,3148.02,2751723
13-08-2020,3182.99,3217.5211,3155,3161.02,3149043
12-08-2020,3108,3174.385,3101.42,3162.24,3527229
11-08-2020,3113.2,3159.22,3073,3080.67,3718057
10-08-2020,3170.31,3172.51,3101.52,3148.16,3167274
07-08-2020,3224.01,3240.81,3140.6726,3167.46,3936127
06-08-2020,3194.36,3247.47,3165.43,3225,3940602
05-08-2020,3143.77,3213.5859,3127.3,3205.03,3930025
04-08-2020,3101.21,3167.24,3101.21,3138.83,4694294
03-08-2020,3180.51,3184,3104,3111.89,5074663
31-07-2020,3244,3246.82,3151,3164.68,8083369
30-07-2020,3014,3092,3005,3051.88,6128265
29-07-2020,3030.99,3039.1592,2996.77,3033.53,2974060
28-07-2020,3054.27,3077.0926,2995.76,3000.33,3126651
27-07-2020,3062,3098,3015.77,3055.21,4170492
24-07-2020,2930,3031.58,2888,3008.91,5632413
23-07-2020,3098.2713,3098.2713,2970,2986.55,5656906
22-07-2020,3125,3149.9999,3065.26,3099.91,4104225
21-07-2020,3232.49,3240.58,3105.72,3138.29,6075758
20-07-2020,3000.2,3201.36,2994.02,3196.84,7488703
17-07-2020,3009,3024,2948.45,2961.97,4716329
16-07-2020,2971.06,3032,2918.23,2999.9,6394284
15-07-2020,3080.23,3098.35,2973.18,3008.87,5789358
14-07-2020,3089,3127.38,2950,3084,7231956
13-07-2020,3251.06,3344.29,3068.39,3104,7722519
10-07-2020,3191.76,3215,3135.7,3200,5486005
09-07-2020,3115.99,3193.88,3074,3182.63,6388971
08-07-2020,3022.61,3083.97,3012.43,3081.11,5037856
07-07-2020,3058.55,3069.55,2990,3000.12,5257688
06-07-2020,2934.97,3059.88,2930,3057.04,6880340
02-07-2020,2912.01,2955.56,2871.1,2890.3,6593735
01-07-2020,2757.99,2895,2754,2878.7,6364355
30-06-2020,2685.07,2769.63,2675.03,2758.82,3769686
29-06-2020,2690.01,2696.8,2630.08,2680.38,4223422
26-06-2020,2775.06,2782.57,2688,2692.87,6500784
25-06-2020,2739.55,2756.23,2712.14,2754.58,2968657
24-06-2020,2780,2796,2721,2734.4,4526605
23-06-2020,2726.02,2783.11,2718.04,2764.41,4231707
22-06-2020,2684.5,2715,2669,2713.82,3208780
19-06-2020,2678.08,2697.43,2659,2675.01,5776963
18-06-2020,2647.01,2659.64,2636.11,2653.98,2487774
17-06-2020,2647.5,2655,2631.82,2640.98,2959316
16-06-2020,2620,2620,2576,2615.27,3595649
15-06-2020,2526.6,2584,2508,2572.68,3873335
12-06-2020,2601.21,2621.48,2503.35,2545.02,5436127
11-06-2020,2603.5,2671.38,2536.23,2557.96,5800107
10-06-2020,2645,2722.35,2626.26,2647.45,4946031
09-06-2020,2529.44,2626.43,2525,2600.86,5175950
08-06-2020,2500.2,2530,2487.34,2524.06,3970654
05-06-2020,2444.51,2488.65,2437.13,2483,3306445
04-06-2020,2477.43,2507.54,2450.01,2460.6,2948710
03-06-2020,2468.01,2488,2461.17,2478.4,2671024
02-06-2020,2467,2473.53,2445.31,2472.41,2529903
01-06-2020,2448,2476.93,2444.17,2471.04,2938032
29-05-2020,2415.94,2442.37,2398.2,2442.37,3529329
28-05-2020,2384.33,2436.97,2378.23,2401.1,3193136
27-05-2020,2404.99,2413.58,2330,2410.39,5056945
26-05-2020,2458,2462,2414.06,2421.86,3568153
22-05-2020,2455.01,2469.85,2430.13,2436.88,2867079
21-05-2020,2500,2525.45,2442.54,2446.74,5114403
20-05-2020,2477.87,2500.01,2467.27,2497.94,3998143
19-05-2020,2429.83,2485,2428.97,2449.33,4320498
18-05-2020,2404.35,2433,2384.01,2426.26,4366572
15-05-2020,2368.52,2411,2356.37,2409.78,4234951
14-05-2020,2361.01,2391.37,2353.21,2388.85,3648128
13-05-2020,2366.8,2407.7,2337.8,2367.92,4782919
12-05-2020,2411.85,2419,2355,2356.95,3074916
11-05-2020,2374.7,2419.67,2372.11,2409,3259231
08-05-2020,2372.14,2387.24,2357,2379.61,3211228
07-05-2020,2374.78,2376,2343.11,2367.61,3396411
06-05-2020,2329.44,2357.45,2320,2351.26,3117814
05-05-2020,2340,2351,2307.13,2317.8,3242496
04-05-2020,2256.38,2326.98,2256.38,2315.99,4865926
01-05-2020,2336.8,2362.44,2258.19,2286.04,9772605
30-04-2020,2419.84,2475,2396.01,2474,9534611
29-04-2020,2330.01,2391.89,2310,2372.71,4591593
28-04-2020,2372.1,2373.5,2306,2314.08,5269446
27-04-2020,2443.2,2444.88,2363,2376,5645645
24-04-2020,2417,2420.43,2382,2410.22,3831797
23-04-2020,2399.98,2424.22,2382.08,2399.45,5066552
22-04-2020,2369,2394,2351,2363.49,4218295
21-04-2020,2416.61,2428.31,2279.66,2328.12,7476679
20-04-2020,2389.95,2444.98,2386.05,2393.61,5770694
17-04-2020,2372.33,2400,2316.02,2375,7930010
16-04-2020,2346,2461,2335,2408.19,12038201
15-04-2020,2257.68,2333.37,2245,2307.68,6866567
14-04-2020,2200.47,2292,2186.21,2283.32,8087193
13-04-2020,2040,2180,2038,2168.87,6716709
09-04-2020,2044.3,2053,2017.66,2042.76,4655617
08-04-2020,2021,2044,2011.15,2043,3977313
07-04-2020,2017.11,2035.72,1997.62,2011.6,5113983
06-04-2020,1936,1998.52,1930.02,1997.59,5773181
03-04-2020,1911.15,1926.33,1889.15,1906.59,3609870
02-04-2020,1901.64,1927.53,1890,1918.83,4335985
01-04-2020,1932.97,1944.96,1893,1907.7,4121875
31-03-2020,1964.35,1993.02,1944.01,1949.72,5123626
30-03-2020,1922.83,1973.63,1912.34,1963.95,6126087
27-03-2020,1930.86,1939.79,1899.92,1900.1,5387897
26-03-2020,1902,1956.49,1889.29,1955.49,6235118
25-03-2020,1920.69,1950.26,1885.78,1885.84,6479073
24-03-2020,1951.5,1955,1900.34,1940.1,7147080
23-03-2020,1827.75,1919.4,1812,1902.83,7808489
20-03-2020,1926.31,1957,1820.73,1846.09,9817850
19-03-2020,1860,1945,1832.65,1880.93,10399943
18-03-2020,1750,1841.66,1745,1830,9596297
17-03-2020,1775.47,1857.78,1689.24,1807.84,10917129
16-03-2020,1641.51,1759.45,1626.03,1689.15,8917265
13-03-2020,1755,1786.31,1680.62,1785,8809725
12-03-2020,1721.98,1765,1675,1676.61,11346214
11-03-2020,1857.85,1871.32,1801.5,1820.86,5646831
10-03-2020,1870.88,1894.27,1818.17,1891.82,7133310
09-03-2020,1773.86,1862.77,1761.29,1800.61,7813232
06-03-2020,1875,1910.87,1869.5,1901.09,5273580
05-03-2020,1933,1960.72,1910,1924.03,4748210
04-03-2020,1946.57,1978,1922,1975.83,4772919
03-03-2020,1975.37,1996.33,1888.09,1908.99,7534491
02-03-2020,1906.49,1954.51,1870,1953.95,6761651
28-02-2020,1814.63,1889.76,1811.13,1883.75,9493797
27-02-2020,1934.38,1975,1882.76,1884.3,8143993
26-02-2020,1970.28,2014.67,1960.45,1979.59,5240402
25-02-2020,2026.42,2034.6,1958.42,1972.74,6219094
24-02-2020,2003.18,2039.3,1987.97,2009.29,6546997
21-02-2020,2142.15,2144.55,2088,2095.97,4650740
20-02-2020,2173.07,2176.79,2127.45,2153.1,3131342
19-02-2020,2167.8,2185.1,2161.12,2170.22,2561165
18-02-2020,2125.02,2166.07,2124.11,2155.67,2951070
14-02-2020,2155.68,2159.04,2125.89,2134.87,2606169
13-02-2020,2144.99,2170.28,2142,2149.87,3031791
12-02-2020,2163.2,2180.25,2155.29,2160,3334264
11-02-2020,2150.9,2185.95,2136,2150.8,5746011
10-02-2020,2085.01,2135.6,2084.96,2133.91,5056235
07-02-2020,2041.99,2098.53,2038.1,2079.28,5095347
06-02-2020,2041.02,2056.3,2024.8,2050.23,3182954
05-02-2020,2071.02,2071.02,2032,2039.87,4376174
04-02-2020,2029.88,2059.8,2015.37,2049.67,5289338
03-02-2020,2010.6,2048.5,2000.25,2004.2,5899094
31-01-2020,2051.47,2055.72,2002.27,2008.72,15567283
30-01-2020,1858,1872.87,1850.61,1870.68,6327438
29-01-2020,1864,1874.75,1855.02,1858,2101390
28-01-2020,1840.5,1858.11,1830.02,1853.25,2808040
27-01-2020,1820,1841,1815.34,1828.34,3528509
24-01-2020,1891.37,1894.99,1847.44,1861.64,3766181
23-01-2020,1885.11,1889.98,1872.76,1884.58,2484613
22-01-2020,1896.09,1902.5,1883.34,1887.46,3216257
21-01-2020,1865,1894.27,1860,1892,3643771
17-01-2020,1885.89,1886.64,1857.25,1864.72,3997340
16-01-2020,1882.99,1885.59,1866.02,1877.94,2659493
15-01-2020,1872.25,1878.86,1855.09,1862.02,2896592
14-01-2020,1885.88,1887.11,1858.55,1869.44,3446381
13-01-2020,1891.31,1898,1880.8,1891.3,2753903
10-01-2020,1905.37,1906.94,1880,1883.16,2856959
09-01-2020,1909.89,1917.82,1895.8,1901.05,3174962
08-01-2020,1898.04,1911,1886.44,1891.97,3511966
07-01-2020,1904.5,1913.89,1892.04,1906.86,4134010
06-01-2020,1860,1903.69,1860,1902.88,4065698
03-01-2020,1864.5,1886.2,1864.5,1874.97,3766604
02-01-2020,1875,1898.01,1864.15,1898.01,4035910
31-12-2019,1842,1853.26,1832.23,1847.84,2510380
30-12-2019,1874,1884,1840.62,1846.89,3677306
27-12-2019,1882.92,1901.4,1866.01,1869.8,6188754
26-12-2019,1801.01,1870.46,1799.5,1868.77,6024608
24-12-2019,1793.81,1795.57,1787.58,1789.21,881337
23-12-2019,1788.26,1793,1784.51,1793,2137493
20-12-2019,1799.62,1802.97,1782.45,1786.5,5152460
19-12-2019,1780.5,1792.99,1774.06,1792.28,2738320
18-12-2019,1795.02,1798.2,1782.36,1784.03,3354137
17-12-2019,1778.01,1792,1777.39,1790.66,3646697
16-12-2019,1767,1769.5,1757.05,1769.21,3149345
13-12-2019,1765,1768.99,1755,1760.94,2747909
12-12-2019,1750,1764,1745.44,1760.33,3103949
11-12-2019,1741.67,1750,1735.71,1748.72,2101318
10-12-2019,1747.4,1750.67,1735,1739.21,2515644
09-12-2019,1750.66,1766.89,1745.61,1749.51,2502489
06-12-2019,1751.2,1754.4,1740.13,1751.6,3119979
05-12-2019,1763.5,1763.5,1740,1740.48,2827852
04-12-2019,1774.01,1789.09,1760.22,1760.69,2680700
03-12-2019,1760,1772.87,1747.23,1769.96,3529582
02-12-2019,1804.4,1805.55,1762.68,1781.6,3931750
29-11-2019,1817.78,1824.69,1800.79,1800.8,1923440
27-11-2019,1801,1824.5,1797.31,1818.51,3035846
26-11-2019,1779.92,1797.03,1778.35,1796.94,3190428
25-11-2019,1753.25,1777.42,1753.24,1773.84,3489467
22-11-2019,1739.02,1746.43,1731,1745.72,2479081
21-11-2019,1743,1746.87,1730.36,1734.71,2662938
20-11-2019,1749.14,1762.52,1734.12,1745.53,2793759
19-11-2019,1756.99,1760.68,1743.03,1752.79,2274535
18-11-2019,1738.3,1753.7,1722.71,1752.53,2841907
15-11-2019,1760.05,1761.68,1732.86,1739.49,3931141
14-11-2019,1751.43,1766.59,1749.56,1754.6,2269417
13-11-2019,1773.39,1775,1747.32,1753.11,2926892
12-11-2019,1774.66,1786.22,1771.91,1778,2038925
11-11-2019,1778,1780,1767.13,1771.65,1947810
08-11-2019,1787.89,1789.88,1774.04,1785.88,2126198
07-11-2019,1803.76,1805.9,1783.48,1788.2,2651086
06-11-2019,1801,1802.5,1788.58,1795.77,2029783
05-11-2019,1809.16,1810.25,1794,1801.71,1885543
04-11-2019,1801.01,1815.06,1801.01,1804.66,2771922
01-11-2019,1788.01,1797.45,1785.21,1791.44,2790354
31-10-2019,1775.99,1792,1771.48,1776.66,2781185
30-10-2019,1760.24,1782.38,1759.12,1779.99,2449405
29-10-2019,1774.81,1777,1755.81,1762.71,2276855
28-10-2019,1748.06,1778.7,1742.5,1777.08,3634788
25-10-2019,1697.55,1764.21,1695,1761.33,9626402
24-10-2019,1771.09,1788.34,1760.27,1780.78,5204350
23-10-2019,1761.3,1770.05,1742,1762.17,2190380
22-10-2019,1788.15,1789.78,1762,1765.73,2234425
21-10-2019,1769.66,1785.88,1765,1785.66,2130431
18-10-2019,1787.8,1793.98,1749.2,1757.51,3189382
17-10-2019,1796.49,1798.85,1782.02,1787.48,2713773
16-10-2019,1773.33,1786.24,1770.52,1777.43,2804068
15-10-2019,1742.14,1776.45,1740.62,1767.38,3129244
14-10-2019,1728.91,1741.89,1722,1736.43,1928898
11-10-2019,1742.92,1745.45,1729.86,1731.92,3279534
10-10-2019,1725.24,1738.29,1713.75,1720.26,2721531
09-10-2019,1719.61,1729.95,1714.36,1721.99,2089335
08-10-2019,1722.49,1727,1705,1705.51,2626840
07-10-2019,1731.63,1747.83,1723.7,1732.66,2187598
04-10-2019,1726.02,1740.58,1719.23,1739.65,2489277
03-10-2019,1713,1725,1685.06,1724.42,3624371
02-10-2019,1727.74,1728.89,1705,1713.23,3338476
01-10-2019,1746,1755.6,1728.41,1735.65,3170460
30-09-2019,1726.99,1737.46,1709.22,1735.91,2760768
27-09-2019,1748,1749.12,1713.82,1725.45,3948029
26-09-2019,1762.79,1763.37,1731.5,1739.84,3571952
25-09-2019,1747.36,1773,1723,1768.33,3531098
24-09-2019,1790.61,1795.71,1735.55,1741.61,4637901
23-09-2019,1777,1792.7,1767.32,1785.3,3139142
20-09-2019,1821.71,1830.63,1780.92,1794.16,5555839
19-09-2019,1821.02,1832.57,1817.9,1821.5,2078335
18-09-2019,1817.04,1822.06,1795.5,1817.46,2536012
17-09-2019,1807.08,1823.99,1804.1,1822.55,2033058
16-09-2019,1824.02,1825.69,1800.2,1807.84,3675473
13-09-2019,1842.01,1846.12,1835.17,1839.34,1971317
12-09-2019,1837.63,1853.66,1834.28,1843.55,2823505
11-09-2019,1812.14,1833.42,1809.08,1822.99,2432767
10-09-2019,1822.75,1825.81,1805.34,1820.55,2613879
09-09-2019,1841,1850,1824.61,1831.35,2999515
06-09-2019,1838.22,1840.65,1826.4,1833.51,2496933
05-09-2019,1821.95,1842,1815.58,1840.72,3325189
04-09-2019,1805,1807.63,1796.23,1800.62,2326228
03-09-2019,1770,1800.8,1768,1789.84,3546859
30-08-2019,1797.49,1799.74,1764.57,1776.29,3064147
29-08-2019,1783,1798.55,1777.25,1786.4,3018012
28-08-2019,1755,1767.86,1744.05,1764.25,2411125
27-08-2019,1775.73,1779.4,1746.68,1761.83,3027245
26-08-2019,1766.91,1770,1743.51,1768.87,3085320
23-08-2019,1793.03,1804.9,1745.23,1749.62,5277898
22-08-2019,1828,1829.41,1800.1,1804.66,2658388
21-08-2019,1819.39,1829.58,1815,1823.54,2039231
20-08-2019,1814.5,1816.82,1799.88,1801.38,1932835
19-08-2019,1818.08,1826,1812.61,1816.12,2820303
16-08-2019,1792.89,1802.91,1784.55,1792.57,3054240
15-08-2019,1781.99,1788,1761.96,1776.12,3809948
14-08-2019,1793.01,1795.65,1757.22,1762.96,4893649
13-08-2019,1783,1831.74,1780,1824.34,4075021
12-08-2019,1795.99,1800.98,1777,1784.92,2905498
09-08-2019,1828.95,1831.09,1802.22,1807.58,2879770
08-08-2019,1806,1834.26,1798.11,1832.89,3701242
07-08-2019,1773.99,1798.93,1757,1793.4,4526884
06-08-2019,1792.23,1793.77,1753.4,1787,
